<resources>
    <string name="app_name" translatable="false">Expenses</string>

    <!-- TopAppBar -->
    <string name="top_app_bar_icon_button_grid_open_content_desc">Open Grid Mode</string>
    <string name="top_app_bar_icon_button_grid_close_content_desc">Close Grid Mode</string>

    <!-- Bottom Navigation -->
    <string name="bottom_nav_home">Home</string>
    <string name="bottom_nav_upcoming">Upcoming</string>
    <string name="bottom_nav_settings">Settings</string>

    <!-- Home Tab -->
    <string name="home_title" translatable="false">Recurring Expense Tracker</string>
    <string name="home_summary_monthly">Monthly</string>
    <string name="home_summary_weekly">Weekly</string>
    <string name="home_summary_yearly">Yearly</string>

    <!-- Edit expense -->
    <string name="edit_expense_title">Edit Expense</string>
    <string name="edit_expense_button_add">Add Expense</string>
    <string name="edit_expense_description">Description (optional)</string>
    <string name="edit_expense_description_placeholder">e.g. special subscription</string>
    <string name="edit_expense_invalid_input">Invalid input</string>
    <string name="edit_expense_name">Name</string>
    <string name="edit_expense_name_placeholder">e.g. Netflix</string>
    <string name="edit_expense_price">Price</string>
    <string name="edit_expense_recurrence">Recurrence</string>
    <string name="edit_expense_recurrence_day">Day(s)</string>
    <string name="edit_expense_recurrence_day_short">D</string>
    <string name="edit_expense_recurrence_week">Week(s)</string>
    <string name="edit_expense_recurrence_week_short">W</string>
    <string name="edit_expense_recurrence_month">Month(s)</string>
    <string name="edit_expense_recurrence_month_short">M</string>
    <string name="edit_expense_recurrence_year">Year(s)</string>
    <string name="edit_expense_recurrence_year_short">Y</string>
    <string name="edit_expense_first_payment">First Payment (optional)</string>
    <string name="edit_expense_first_payment_placeholder">Pick a Date</string>
    <string name="edit_expense_color">Color</string>
    <string name="edit_expense_delete_dialog_text">Do you really want to delete this expense?</string>

    <!-- Upcoming Payments Tab -->
    <string name="upcoming_title">Upcoming Payments</string>
    <string name="upcoming_placeholder_title">Define a first payment date for expenses to see an overview of upcoming payments</string>
    <string name="upcoming_time_remaining_today">today</string>
    <string name="upcoming_time_remaining_tomorrow">tomorrow</string>
    <string name="upcoming_time_remaining_days">in %1$d days</string>

    <!-- Settings Tab -->
    <string name="settings_title">Settings</string>
    <string name="settings_general">General</string>
    <string name="settings_default_currency">Default Currency</string>
    <string name="settings_system_default">System default</string>
    <string name="settings_currency_exchange_info">Expenses added in a different currency will be converted to that currency.\nThe exchange rates are bundled with the app to prevent it from accessing the Internet.</string>
    <string name="settings_currency_exchange_last_update">Change rates from %1$s</string>
    <string name="settings_backup">Backup</string>
    <string name="settings_backup_create">Create backup</string>
    <string name="settings_backup_restore">Restore backup</string>
    <string name="settings_backup_created_toast">Backup successful</string>
    <string name="settings_backup_not_created_toast">Backup failed</string>
    <string name="settings_backup_restored_toast">Backup restored</string>
    <string name="settings_backup_not_restored_toast">Backup could not be restored</string>
    <string name="settings_title_security">Security</string>
    <string name="settings_security_biometric_lock">Biometric lock</string>

    <!-- BiometricPromptManager -->
    <string name="biometric_prompt_manager_title">Unlock Expense Tracker</string>
    <string name="biometric_prompt_manager_unlock">Unlock</string>

    <!-- General -->
    <string name="dialog_ok">OK</string>
    <string name="cancel">Cancel</string>
    <string name="delete">Delete</string>
    <string name="save">Save</string>
</resources>